'formulaire';'code';'libelle';'ordre';'mots_clefs'
"CREP","1_5cab4652d229b","DESCRIPTION DU POSTE OCCUPE PAR L’AGENT","2",null
"CREP","1_5cab477d6ebce","ÉVALUATION DE L’ANNEE ECOULÉE","3",null
"CREP","1_5d1379332f0da","VALEUR PROFESSIONNELLE ET MANIERE DE SERVIR DU FONCTIONNAIRE","4",null
"CREP","1_5d137a9a599ae","ACQUIS DE L’EXPERIENCE PROFESSIONNELLE","5",null
"CREP","1_5d137abaa7421","OBJECTIFS FIXÉS POUR LA NOUVELLE ANNÉE","6",null
"CREP","1_5d137af8278b2","PERSPECTIVES D’ÉVOLUTION PROFESSIONNELLE","7",null
"CREP","1_5f5a3e8fc5a1f","MODALITÉS DE RECOURS","8",null
"CREP","1_621f65bb938e6","Compléments d'informations","1",null
"CREF","2_60744315c477c","Activités de transfert de compétences ou d'accompagnement des agents","2",null
"CREF","2_6074464c768c6","Formations demandées sur la période écoulée et non suivies","4",null
"CREF","2_607447155a1f3","Formation continue (demandée pour la nouvelle période)","5",null
"CREF","2_60744aa24dcab","Formation de préparation à un concours ou examen professionnel","6",null
"CREF","2_60744b5f4443d","Formations pour construire un projet personnel à caractère professionnel","7",null
"CREF","2_60744ea79edce","Règlementation","11",null
"CREF","2_6218b5ee5b3e5","Bilan des formations suivies sur la période écoulée","3","CREF;Bilan"
"CREF","2_62289f96346ec","Informations complémentaires","1",null

